DOCULECT	FORM	SOURCE
Apuri	wa	shimelman2017
Apuri	yki	shimelman2017
Apuri	nchik	shimelman2017
Apuri	nchik	shimelman2017
Apuri	chuwan	shimelman2017
Apuri	shun	shimelman2017
Apuri	tanta-y	shimelman2017
Apuri	shqayki	shimelman2017
Apuri	ka-ni	shimelman2017
Apuri	shaq	shimelman2017
Apuri	waq	shimelman2017
Apuri	shu	shimelman2017
Apuri	yki	shimelman2017
Apuri	wanki	shimelman2017
Apuri	nki	shimelman2017
Apuri	nqa	shimelman2017
Apuri	n	shimelman2017
Apuri	wanchik	shimelman2017
Apuri	wan	shimelman2017
Apuri	shunki	shimelman2017
Apuri	n	shimelman2017
Apuri	paq	shimelman2017
Apuri	shi,si	shimelman2017
Apuri	ta	shimelman2017
Apuri	pis,s	shimelman2017
Apuri	q	shimelman2017
Apuri	paq	shimelman2017
Apuri	chi	shimelman2017
Apuri	puni	shimelman2017
Apuri	mu	shimelman2017
Apuri	hina	shimelman2017
Apuri	man	shimelman2017
Apuri	raq	shimelman2017
Apuri	man	shimelman2017
Apuri	naya	shimelman2017
Apuri	raya	shimelman2017
Apuri	cha	shimelman2017
Apuri	ña	shimelman2017
Apuri	chu	shimelman2017
Apuri	chay	shimelman2017
Apuri	wak	shimelman2017
Apuri	chka	shimelman2017
Apuri	ya	shimelman2017
Apuri	ari	shimelman2017
Apuri	ya	shimelman2017
Apuri	tri,tr	shimelman2017
Apuri	mi,m	shimelman2017
Apuri	ik	shimelman2017
Apuri	iki	shimelman2017
Apuri	shi,sh	shimelman2017
Apuri	yku,yka/ika/iku	shimelman2017
Apuri	pura	shimelman2017
Apuri	cha	shimelman2017
Apuri	katra	shimelman2017
Apuri	pa,pi	shimelman2017
Apuri	y	shimelman2017
Apuri	ri	shimelman2017
Apuri	ya	shimelman2017
Apuri	ntin	shimelman2017
Apuri	y	shimelman2017
Apuri	chun	shimelman2017
Apuri	wan	shimelman2017
Apuri	ya	shimelman2017
Apuri	tamu	shimelman2017
Apuri	paku,paːku	shimelman2017
Apuri	kama	shimelman2017
Apuri	pa,pi	shimelman2017
Apuri	ku	shimelman2017
Apuri	sapa	shimelman2017
Apuri	puku	shimelman2017
Apuri	chu	shimelman2017
Apuri	na	shimelman2017
Apuri	kuna	shimelman2017
Apuri	masi	shimelman2017
Apuri	ka	shimelman2017
Apuri	rqa	shimelman2017
Apuri	sha,sa	shimelman2017
Apuri	sha,sa	shimelman2017
Apuri	kuna	shimelman2017
Apuri	yuq	shimelman2017
Apuri	ama	shimelman2017
Apuri	kay	shimelman2017
Apuri	paq	shimelman2017
Apuri	rayku	shimelman2017
Apuri	naku,naka	shimelman2017
Apuri	pa	shimelman2017
Apuri	shqa	shimelman2017
Apuri	lla	shimelman2017
Apuri	taq	shimelman2017
Apuri	tuku	shimelman2017
Apuri	shtin	shimelman2017
Apuri	shpa	shimelman2017
Apuri	pti	shimelman2017
Apuri	qa	shimelman2017
Apuri	pu,pa	shimelman2017
Apuri	ra	shimelman2017
Apuri	ru,ra	shimelman2017
Apuri	na	shimelman2017
Apurimac	wa	camacho2006
Apurimac	yki 	camacho2006
Apurimac	saqku	camacho2006
Apurimac	nchik,nchis	camacho2006
Apurimac	iku 	camacho2006
Apurimac	sqaykiku, ykiku	camacho2006
Apurimac	sunchis	camacho2006
Apurimac	niku, saqku 	camacho2006
Apurimac	sunchis	parker1976
Apurimac	tanta-y	camacho2006
Apurimac	sqayki 	camacho2006
Apurimac	ka-ni	camacho2006
Apurimac	saq	camacho2006
Apurimac	ykichis 	camacho2006
Apurimac	wankichis, waychis 	camacho2006
Apurimac	nkichis	camacho2006
Apurimac	ki 	camacho2006
Apurimac	wankiku, wayku 	camacho2006
Apurimac	wanki, way 	camacho2006
Apurimac	nki	camacho2006
Apurimac	nku	camacho2006
Apurimac	nku,nqaku	camacho2006
Apurimac	nqa	camacho2006
Apurimac	n 	camacho2006
Apurimac	wanchis, wanku, wanqaku  	camacho2006
Apurimac	wan, wanqa	camacho2006
Apurimac	sunki 	camacho2006
Apurimac	n	camacho2006
Apurimac	manta	camacho2006
Apurimac	ysi	camacho2006
Apurimac	ta 	camacho2006
Apurimac	pas 	camacho2006
Apurimac	q 	camacho2006
Apurimac	su, sara	camacho2006
Apurimac	paq	camacho2006
Apurimac	chi 	camacho2006
Apurimac	puni 	camacho2006
Apurimac	mu 	camacho2006
Apurimac	mu 	camacho2006
Apurimac	man 	camacho2006
Apurimac	raq	camacho2006
Apurimac	raya 	camacho2006
Apurimac	man	camacho2006
Apurimac	naya 	camacho2006
Apurimac	cha	camacho2006
Apurimac	chay	camacho2006
Apurimac	haqay	camacho2006
Apurimac	chka 	camacho2006
Apurimac	ykacha	camacho2006
Apurimac	ari	camacho2006
Apurimac	cha 	camacho2006
Apurimac	mi	camacho2006
Apurimac	iki	camacho2006
Apurimac	yku 	camacho2006
Apurimac	pura 	camacho2006
Apurimac	pa 	camacho2006
Apurimac	ri 	camacho2006
Apurimac	ya 	camacho2006
Apurimac	ntin 	camacho2006
Apurimac	y 	camacho2006
Apurimac	chunku, y, ychis 	camacho2006
Apurimac	wan	camacho2006
Apurimac	pi 	camacho2006
Apurimac	ku 	camacho2006
Apurimac	sapa 	camacho2006
Apurimac	chu 	camacho2006
Apurimac	na 	camacho2006
Apurimac	rqa 	camacho2006
Apurimac	ral 	camacho2006
Apurimac	sqa 	camacho2006
Apurimac	sqa	camacho2006
Apurimac	stin 	camacho2006
Apurimac	kuna	camacho2006
Apurimac	yoq 	camacho2006
Apurimac	kay	camacho2006
Apurimac	rayku	camacho2006
Apurimac	rayku 	camacho2006
Apurimac	naku 	camacho2006
Apurimac	pa, paya 	camacho2006
Apurimac	sqa 	camacho2006
Apurimac	lla, kama	camacho2006
Apurimac	taq 	camacho2006
Apurimac	tiya 	camacho2006
Apurimac	spa 	camacho2006
Apurimac	pti	camacho2006
Apurimac	rqu 	camacho2006
Apurimac	pu	camacho2006
Apurimac	ña	camacho2006
Apurimac	ya 	camacho2006
Ayacucho	yki	parker1969
Ayacucho	ykiku	parker1969
Ayacucho	nčik	parker1969
Ayacucho	nčik	parker1969
Ayacucho	čwan	parker1969
Ayacucho	sun	parker1969
Ayacucho	tanta-y	parker1969
Ayacucho	ykičik	parker1969
Ayacucho	sayki, sqayki	parker1969
Ayacucho	ka-ni	parker1969
Ayacucho	saq	parker1969
Ayacucho	wankiku	parker1969
Ayacucho	wankičik	parker1969
Ayacucho	waq	parker1969
Ayacucho	yki	parker1969
Ayacucho	wanki	parker1969
Ayacucho	nki	parker1969
Ayacucho	nqa	parker1969
Ayacucho	n	parker1969
Ayacucho	wančik	parker1969
Ayacucho	wanku	parker1969
Ayacucho	wasun, wasunčik	parker1969
Ayacucho	wan	parker1969
Ayacucho	sunki	parker1969
Ayacucho	sunkičik	parker1969
Ayacucho	n	parker1969
Ayacucho	manta	parker1969
Ayacucho	si	parker1969
Ayacucho	ta	parker1969
Ayacucho	pas	parker1969
Ayacucho	q	parker1969
Ayacucho	iki	parker1969
Ayacucho	su, yku,yka	parker1969
Ayacucho	paq	parker1969
Ayacucho	či	parker1969
Ayacucho	puni	parker1969
Ayacucho	mu	parker1969
Ayacucho	hina	parker1969
Ayacucho	man	parker1969
Ayacucho	raq	parker1969
Ayacucho	raya	parker1969
Ayacucho	man	parker1969
Ayacucho	kUča	parker1969
Ayacucho	ča	parker1969
Ayacucho	nka	parker1969
Ayacucho	čka	parker1969
Ayacucho	á, ya	parker1969
Ayacucho	č, ča	parker1969
Ayacucho	mi	parker1969
Ayacucho	s, si	parker1969
Ayacucho	pura	parker1969
Ayacucho	ča	parker1969
Ayacucho	pa	parker1969
Ayacucho	y	parker1969
Ayacucho	ri	parker1969
Ayacucho	ya	parker1969
Ayacucho	ntin	parker1969
Ayacucho	y	parker1969
Ayacucho	wan	parker1969
Ayacucho	ya	parker1969
Ayacucho	kama	parker1969
Ayacucho	pi	parker1969
Ayacucho	ku	parker1969
Ayacucho	sapa	parker1969
Ayacucho	ču	parker1969
Ayacucho	na	parker1969
Ayacucho	rqa	parker1969
Ayacucho	řal	parker1969
Ayacucho	sqa	parker1969
Ayacucho	sqa	parker1969
Ayacucho	kuna	parker1969
Ayacucho	yuq	parker1969
Ayacucho	rayku	parker1969
Ayacucho	naku	parker1969
Ayacucho	pa	parker1969
Ayacucho	sqa	parker1969
Ayacucho	lla	parker1969
Ayacucho	taq	parker1969
Ayacucho	ti	parker1969
Ayacucho	sti	parker1969
Ayacucho	spa	parker1969
Ayacucho	pti	parker1969
Ayacucho	qa	parker1969
Ayacucho	ra	parker1969
Ayacucho	rqu	parker1969
Ayacucho	pu	parker1969
Ayacucho	ña	parker1969
Azuay	yqui	cordero1955
Azuay	nchi	cordero1955
Azuay	sunchi	cordero1955
Azuay	yquichita	cordero1955
Azuay	scaqui	cordero1955
Azuay	ka-ni	cordero1955
Azuay	sa	cordero1955
Azuay	ncanguichi	cordero1955
Azuay	ngui	cordero1955
Azuay	ncangui	cordero1955
Azuay	ncuna	cordero1955
Azuay	ngacuna	cordero1955
Azuay	nga	cordero1955
Azuay	n	cordero1955
Azuay	manda	cordero1955
Azuay	ta	cordero1955
Azuay	pas	cordero1955
Azuay	g	cordero1955
Azuay	pua	cordero1955
Azuay	ta	cordero1955
Azuay	mu	cordero1955
Azuay	como	cordero1955
Azuay	ntra	cordero1955
Azuay	raya	cordero1955
Azuay	c, ca	cordero1955
Azuay	ma, pagma	cordero1955
Azuay	naya	cordero1955
Azuay	ag, ash, ans	cordero1955
Azuay	tum	cordero1955
Azuay	cu, nacu	cordero1955
Azuay	llata, tata	cordero1955
Azuay	char	cordero1955
Azuay	mi	cordero1955
Azuay	si	cordero1955
Azuay	ma	cordero1955
Azuay	pa	cordero1955
Azuay	y, ychi	cordero1955
Azuay	sunchu, nacusunchi	cordero1955
Azuay	ri	cordero1955
Azuay	ya	cordero1955
Azuay	y	cordero1955
Azuay	chu	cordero1955
Azuay	hua	cordero1955
Azuay	cama	cordero1955
Azuay	pi	cordero1955
Azuay	chu	cordero1955
Azuay	nga	cordero1955
Azuay	rqa	cordero1955
Azuay	sca	cordero1955
Azuay	sca	cordero1955
Azuay	cuna	cordero1955
Azuay	jim, ajim	cordero1955
Azuay	yug	cordero1955
Azuay	ngapa	cordero1955
Azuay	ngapa	cordero1955
Azuay	chi	cordero1955
Azuay	ndi	cordero1955
Azuay	lla	cordero1955
Azuay	gta	cordero1955
Azuay	spa	cordero1955
Azuay	hora	cordero1955
Azuay	gpi	cordero1955
Azuay	nig	cordero1955
Azuay	pu	cordero1955
Azuay	hua	cordero1955
Cacra-Hongos	ma	shimelman2017
Cacra-Hongos	yki	shimelman2017
Cacra-Hongos	nchik	shimelman2017
Cacra-Hongos	nchik	shimelman2017
Cacra-Hongos	chuwan	shimelman2017
Cacra-Hongos	shun	shimelman2017
Cacra-Hongos	tantaː	shimelman2017
Cacra-Hongos	shqayki	shimelman2017
Cacra-Hongos	kaː	shimelman2017
Cacra-Hongos	shaq	shimelman2017
Cacra-Hongos	waq	shimelman2017
Cacra-Hongos	shu	shimelman2017
Cacra-Hongos	yki	shimelman2017
Cacra-Hongos	wanki	shimelman2017
Cacra-Hongos	nki	shimelman2017
Cacra-Hongos	nqa	shimelman2017
Cacra-Hongos	n	shimelman2017
Cacra-Hongos	manchik	shimelman2017
Cacra-Hongos	man	shimelman2017
Cacra-Hongos	shunki	shimelman2017
Cacra-Hongos	n	shimelman2017
Cacra-Hongos	paq	shimelman2017
Cacra-Hongos	shi,si	shimelman2017
Cacra-Hongos	kta	shimelman2017
Cacra-Hongos	pis,s	shimelman2017
Cacra-Hongos	q	shimelman2017
Cacra-Hongos	paq	shimelman2017
Cacra-Hongos	chi	shimelman2017
Cacra-Hongos	puni	shimelman2017
Cacra-Hongos	mu	shimelman2017
Cacra-Hongos	hina	shimelman2017
Cacra-Hongos	man	shimelman2017
Cacra-Hongos	raq	shimelman2017
Cacra-Hongos	man	shimelman2017
Cacra-Hongos	naya	shimelman2017
Cacra-Hongos	raya	shimelman2017
Cacra-Hongos	cha	shimelman2017
Cacra-Hongos	ña	shimelman2017
Cacra-Hongos	chu	shimelman2017
Cacra-Hongos	chay	shimelman2017
Cacra-Hongos	wak	shimelman2017
Cacra-Hongos	chka	shimelman2017
Cacra-Hongos	ya	shimelman2017
Cacra-Hongos	ali	shimelman2017
Cacra-Hongos	ya	shimelman2017
Cacra-Hongos	tri,tr	shimelman2017
Cacra-Hongos	mi,m	shimelman2017
Cacra-Hongos	ik	shimelman2017
Cacra-Hongos	iki	shimelman2017
Cacra-Hongos	shi,sh	shimelman2017
Cacra-Hongos	yku,yka/ika/iku	shimelman2017
Cacra-Hongos	pura	shimelman2017
Cacra-Hongos	cha	shimelman2017
Cacra-Hongos	katra	shimelman2017
Cacra-Hongos	pa,pi	shimelman2017
Cacra-Hongos	y	shimelman2017
Cacra-Hongos	ri	shimelman2017
Cacra-Hongos	ya	shimelman2017
Cacra-Hongos	ntin	shimelman2017
Cacra-Hongos	y	shimelman2017
Cacra-Hongos	chun	shimelman2017
Cacra-Hongos	wan	shimelman2017
Cacra-Hongos	lu,la	shimelman2017
Cacra-Hongos	ya	shimelman2017
Cacra-Hongos	tamu	shimelman2017
Cacra-Hongos	paku,paːku	shimelman2017
Cacra-Hongos	kama	shimelman2017
Cacra-Hongos	pa,pi	shimelman2017
Cacra-Hongos	traw	shimelman2017
Cacra-Hongos	ku	shimelman2017
Cacra-Hongos	sapa	shimelman2017
Cacra-Hongos	puku	shimelman2017
Cacra-Hongos	chu	shimelman2017
Cacra-Hongos	na	shimelman2017
Cacra-Hongos	kuna	shimelman2017
Cacra-Hongos	masi	shimelman2017
Cacra-Hongos	ka	shimelman2017
Cacra-Hongos	lqa	shimelman2017
Cacra-Hongos	sha,sa	shimelman2017
Cacra-Hongos	sha,sa	shimelman2017
Cacra-Hongos	kuna	shimelman2017
Cacra-Hongos	yuq	shimelman2017
Cacra-Hongos	ama	shimelman2017
Cacra-Hongos	kay	shimelman2017
Cacra-Hongos	paq	shimelman2017
Cacra-Hongos	rayku	shimelman2017
Cacra-Hongos	naku,naka	shimelman2017
Cacra-Hongos	pa	shimelman2017
Cacra-Hongos	shqa	shimelman2017
Cacra-Hongos	lla	shimelman2017
Cacra-Hongos	taq	shimelman2017
Cacra-Hongos	tuku	shimelman2017
Cacra-Hongos	shtin	shimelman2017
Cacra-Hongos	shpa	shimelman2017
Cacra-Hongos	pti	shimelman2017
Cacra-Hongos	qa	shimelman2017
Cacra-Hongos	pu,pa	shimelman2017
Cacra-Hongos	la	shimelman2017
Cacra-Hongos	na	shimelman2017
Cajamarca	wa	quesada2006
Cajamarca	yki	quesada2006
Cajamarca	shu yki	quesada2006
Cajamarca	nchik	quesada2006
Cajamarca	nchik	quesada2006
Cajamarca	shun	quesada2006
Cajamarca	tanta-y	quesada2006
Cajamarca	su q	quesada2006
Cajamarca	ka-ni	quesada2006
Cajamarca	shqa	quesada2006
Cajamarca	yki	quesada2006
Cajamarca	nki	quesada2006
Cajamarca	nqa	quesada2006
Cajamarca	n	quesada2006
Cajamarca	n	quesada2006
Cajamarca	manta	quesada2006
Cajamarca	ta	quesada2006
Cajamarca	pis	quesada2006
Cajamarca	nti	quesada2006
Cajamarca	q	quesada2006
Cajamarca	paq	quesada2006
Cajamarca	chka	quesada2006
Cajamarca	taq	quesada2006
Cajamarca	chi	quesada2006
Cajamarca	mu	quesada2006
Cajamarca	shina	quesada2006
Cajamarca	man	quesada2006
Cajamarca	raq	quesada2006
Cajamarca	man	quesada2006
Cajamarca	na	quesada2006
Cajamarca	iya	quesada2006
Cajamarca	ri	quesada2006
Cajamarca	chi	quesada2006
Cajamarca	mi	quesada2006
Cajamarca	shi	quesada2006
Cajamarca	pura	quesada2006
Cajamarca	cha	quesada2006
Cajamarca	kacha	quesada2006
Cajamarca	pa	quesada2006
Cajamarca	kaq	quesada2006
Cajamarca	y	quesada2006
Cajamarca	ri	quesada2006
Cajamarca	ya	quesada2006
Cajamarca	y	quesada2006
Cajamarca	wan	quesada2006
Cajamarca	kaman	quesada2006
Cajamarca	pi	quesada2006
Cajamarca	ku	quesada2006
Cajamarca	sapa	quesada2006
Cajamarca	chu	quesada2006
Cajamarca	na	quesada2006
Cajamarca	masi	quesada2006
Cajamarca	rqa, ra	quesada2006
Cajamarca	sqa, a	quesada2006
Cajamarca	sqa	quesada2006
Cajamarca	kuna	quesada2006
Cajamarca	yuq	quesada2006
Cajamarca	rayku	quesada2006
Cajamarca	na	quesada2006
Cajamarca	lla	quesada2006
Cajamarca	taq	quesada2006
Cajamarca	ti	quesada2006
Cajamarca	shti	quesada2006
Cajamarca	shpa	quesada2006
Cajamarca	pti	quesada2006
Cajamarca	qa	quesada2006
Cajamarca	pa	quesada2006
Cajamarca	na	quesada2006
Chachapoyas	wa	taylor1979
Chachapoyas	yki	taylor1979
Chachapoyas	nči	taylor1979
Chachapoyas	šunči	taylor1979
Chachapoyas	tanta-y	taylor1979
Chachapoyas	ka-ni	taylor1979
Chachapoyas	ša	taylor1979
Chachapoyas	yki	taylor1979
Chachapoyas	nki	taylor1979
Chachapoyas	n	taylor1979
Chachapoyas	šu	taylor1979
Chachapoyas	manta	taylor1979
Chachapoyas	ta	taylor1979
Chachapoyas	k	taylor1979
Chachapoyas	yupay, šina	taylor1979
Chachapoyas	pa	taylor1979
Chachapoyas	či	taylor1979
Chachapoyas	mu	taylor1979
Chachapoyas	man	taylor1979
Chachapoyas	man	taylor1979
Chachapoyas	naya	taylor1979
Chachapoyas	yka	taylor1979
Chachapoyas	ča	taylor1979
Chachapoyas	mi	taylor1979
Chachapoyas	ši	taylor1979
Chachapoyas	pura	taylor1979
Chachapoyas	ča	taylor1979
Chachapoyas	pa	taylor1979
Chachapoyas	y	taylor1979
Chachapoyas	ri	taylor1979
Chachapoyas	ya	taylor1979
Chachapoyas	ntin	taylor1979
Chachapoyas	y	taylor1979
Chachapoyas	čun	taylor1979
Chachapoyas	wan	taylor1979
Chachapoyas	kaman	taylor1979
Chachapoyas	pi	taylor1979
Chachapoyas	ku	taylor1979
Chachapoyas	sapa	taylor1979
Chachapoyas	ču	taylor1979
Chachapoyas	na	taylor1979
Chachapoyas	rka	taylor1979
Chachapoyas	ška	taylor1979
Chachapoyas	ška	taylor1979
Chachapoyas	kuna	taylor1979
Chachapoyas	yuk	taylor1979
Chachapoyas	rayku	taylor1979
Chachapoyas	naku	taylor1979
Chachapoyas	lla	taylor1979
Chachapoyas	špa, šnin, štin	taylor1979
Chachapoyas	pti	taylor1979
Chachapoyas	qa, ta	taylor1979
Chachapoyas	pu	taylor1979
Chachapoyas	ra	taylor1979
Chachapoyas	sapa	taylor1979
Chimborazo	wa 	beukema1975
Chimborazo	ncik	beukema1975
Chimborazo	šuncik	beukema1975
Chimborazo	ka-ni	beukema1975
Chimborazo	ša 	beukema1975
Chimborazo	ngicik	beukema1975
Chimborazo	ngi 	beukema1975
Chimborazo	ngakuna	beukema1975
Chimborazo	nkuna	beukema1975
Chimborazo	nga 	beukema1975
Chimborazo	n 	beukema1975
Chimborazo	manta 	beukema1975
Chimborazo	ta 	beukema1975
Chimborazo	piš	beukema1975
Chimborazo	k 	beukema1975
Chimborazo	pak 	beukema1975
Chimborazo	ci	beukema1975
Chimborazo	ci 	beukema1975
Chimborazo	mu 	beukema1975
Chimborazo	yaži	beukema1975
Chimborazo	man 	beukema1975
Chimborazo	mari	beukema1975
Chimborazo	rak 	beukema1975
Chimborazo	tak	beukema1975
Chimborazo	man 	beukema1975
Chimborazo	cay 	beukema1975
Chimborazo	ku 	beukema1975
Chimborazo	ari	beukema1975
Chimborazo	cari	beukema1975
Chimborazo	mi 	beukema1975
Chimborazo	ši 	beukema1975
Chimborazo	pak	beukema1975
Chimborazo	pa 	beukema1975
Chimborazo	y 	beukema1975
Chimborazo	ri 	beukema1975
Chimborazo	ya 	beukema1975
Chimborazo	y 	beukema1975
Chimborazo	wan	beukema1975
Chimborazo	wan 	beukema1975
Chimborazo	kama 	beukema1975
Chimborazo	pi 	beukema1975
Chimborazo	sapa	beukema1975
Chimborazo	cu 	beukema1975
Chimborazo	na 	beukema1975
Chimborazo	rka	beukema1975
Chimborazo	ška 	beukema1975
Chimborazo	ška 	beukema1975
Chimborazo	kuna 	beukema1975
Chimborazo	ama	beukema1975
Chimborazo	kay 	beukema1975
Chimborazo	pak 	beukema1975
Chimborazo	naku 	beukema1975
Chimborazo	nta 	beukema1975
Chimborazo	špa, ngapak	beukema1975
Chimborazo	kpi, cun	beukema1975
Chimborazo	ka 	beukema1975
Chimborazo	ra 	beukema1975
Chimborazo	ña 	beukema1975
Cuzco	wa	cusihuaman1976
Cuzco	yki	cusihuaman1976
Cuzco	man	cusihuaman1976
Cuzco	tanta-y	cusihuaman1976
Cuzco	ka-ni	cusihuaman1976
Cuzco	saq	cusihuaman1976
Cuzco	waq	cusihuaman1976
Cuzco	y	cusihuaman1976
Cuzco	wanki	cusihuaman1976
Cuzco	nki	cusihuaman1976
Cuzco	wanchis	cusihuaman1976
Cuzco	wan	cusihuaman1976
Cuzco	sunkichis	cusihuaman1976
Cuzco	su	cusihuaman1976
Cuzco	n	cusihuaman1976
Cuzco	manta	cusihuaman1976
Cuzco	ysi	cusihuaman1976
Cuzco	ta	cusihuaman1976
Cuzco	pis, pas	cusihuaman1976
Cuzco	qe	cusihuaman1976
Cuzco	q	cusihuaman1976
Cuzco	neq	cusihuaman1976
Cuzco	lli	cusihuaman1976
Cuzco	paq	cusihuaman1976
Cuzco	puni	cusihuaman1976
Cuzco	ti, li	cusihuaman1976
Cuzco	mu	cusihuaman1976
Cuzco	niray, niraq	cusihuaman1976
Cuzco	raya	cusihuaman1976
Cuzco	man	cusihuaman1976
Cuzco	pasa	cusihuaman1976
Cuzco	naya	cusihuaman1976
Cuzco	cha	cusihuaman1976
Cuzco	ña	cusihuaman1976
Cuzco	nka	cusihuaman1976
Cuzco	suna, sina	cusihuaman1976
Cuzco	sha	cusihuaman1976
Cuzco	ya	cusihuaman1976
Cuzco	cha	cusihuaman1976
Cuzco	mi	cusihuaman1976
Cuzco	si, s	cusihuaman1976
Cuzco	tiya	cusihuaman1976
Cuzco	cha	cusihuaman1976
Cuzco	paya	cusihuaman1976
Cuzco	sha	cusihuaman1976
Cuzco	q; pa	cusihuaman1976
Cuzco	pata	cusihuaman1976
Cuzco	y	cusihuaman1976
Cuzco	ma	cusihuaman1976
Cuzco	ri	cusihuaman1976
Cuzco	ya	cusihuaman1976
Cuzco	nti, sti	cusihuaman1976
Cuzco	y	cusihuaman1976
Cuzco	chu	cusihuaman1976
Cuzco	wan	cusihuaman1976
Cuzco	y	cusihuaman1976
Cuzco	ypari	cusihuaman1976
Cuzco	pi	cusihuaman1976
Cuzco	ku	cusihuaman1976
Cuzco	sapa	cusihuaman1976
Cuzco	chu	cusihuaman1976
Cuzco	na	cusihuaman1976
Cuzco	iru, ira	cusihuaman1976
Cuzco	rqa	cusihuaman1976
Cuzco	sqa	cusihuaman1976
Cuzco	mpa	cusihuaman1976
Cuzco	yoq	cusihuaman1976
Cuzco	chi	cusihuaman1976
Cuzco	rayku	cusihuaman1976
Cuzco	na	cusihuaman1976
Cuzco	n	cusihuaman1976
Cuzco	ymana	cusihuaman1976
Cuzco	pa	cusihuaman1976
Cuzco	sqa	cusihuaman1976
Cuzco	ri	cusihuaman1976
Cuzco	lla	cusihuaman1976
Cuzco	na	cusihuaman1976
Cuzco	qti	cusihuaman1976
Cuzco	taq	cusihuaman1976
Cuzco	kacha	cusihuaman1976
Cuzco	qa	cusihuaman1976
Cuzco	pu	cusihuaman1976
Cuzco	ru	cusihuaman1976
Ferrenafe	ma 	taylor1982
Ferrenafe	yki	taylor1982
Ferrenafe	ray	taylor1982
Ferrenafe	shuray	taylor1982
Ferrenafe	nchik	taylor1982
Ferrenafe	nchik	taylor1982
Ferrenafe	shun	taylor1982
Ferrenafe	tanta-y	taylor1982
Ferrenafe	shuni	taylor1982
Ferrenafe	shayki, shushaq	taylor1982
Ferrenafe	ka-ni	taylor1982
Ferrenafe	shaq	taylor1982
Ferrenafe	marayki	taylor1982
Ferrenafe	rayki	taylor1982
Ferrenafe	shu	taylor1982
Ferrenafe	yki	taylor1982
Ferrenafe	manki	taylor1982
Ferrenafe	nki	taylor1982
Ferrenafe	masha	taylor1982
Ferrenafe	maran	taylor1982
Ferrenafe	shusha	taylor1982
Ferrenafe	shuran	taylor1982
Ferrenafe	ran 	taylor1982
Ferrenafe	mashanchik	taylor1982
Ferrenafe	maranchik	taylor1982
Ferrenafe	nqa	taylor1982
Ferrenafe	n 	taylor1982
Ferrenafe	manchik	taylor1982
Ferrenafe	man	taylor1982
Ferrenafe	shun	taylor1982
Ferrenafe	n 	taylor1982
Ferrenafe	ranchik	taylor1982
Ferrenafe	manta	taylor1982
Ferrenafe	ta 	taylor1982
Ferrenafe	pis	taylor1982
Ferrenafe	q	taylor1982
Ferrenafe	paq	taylor1982
Ferrenafe	taq	taylor1982
Ferrenafe	chi 	taylor1982
Ferrenafe	mu 	taylor1982
Ferrenafe	no, yupaq	taylor1982
Ferrenafe	ski	taylor1982
Ferrenafe	raq	taylor1982
Ferrenafe	man 	taylor1982
Ferrenafe	itU	taylor1982
Ferrenafe	yku	taylor1982
Ferrenafe	rqu	taylor1982
Ferrenafe	rpu	taylor1982
Ferrenafe	rku	taylor1982
Ferrenafe	ya	taylor1982
Ferrenafe	ri	taylor1982
Ferrenafe	mi 	taylor1982
Ferrenafe	shi	taylor1982
Ferrenafe	pa 	taylor1982
Ferrenafe	y 	taylor1982
Ferrenafe	y 	taylor1982
Ferrenafe	chun	taylor1982
Ferrenafe	wan	taylor1982
Ferrenafe	kama	taylor1982
Ferrenafe	pi 	taylor1982
Ferrenafe	ku	taylor1982
Ferrenafe	na 	taylor1982
Ferrenafe	ka	taylor1982
Ferrenafe	ra 	taylor1982
Ferrenafe	sha	taylor1982
Ferrenafe	kuna	taylor1982
Ferrenafe	yxun	taylor1982
Ferrenafe	no 	taylor1982
Ferrenafe	rayku	taylor1982
Ferrenafe	naku	taylor1982
Ferrenafe	ga, la 	taylor1982
Ferrenafe	r 	taylor1982
Ferrenafe	ti 	taylor1982
Ferrenafe	qa	taylor1982
Ferrenafe	ghapa	taylor1982
Huallaga	man	weber1996
Huallaga	ma 	weber1996
Huallaga	kuna	weber1996
Huallaga	nči,ninči, niːkuna	weber1996
Huallaga	nči	weber1996
Huallaga	šwan	weber1996
Huallaga	šun 	weber1996
Huallaga	tantaː	weber1996
Huallaga	šayki	weber1996
Huallaga	kaː	weber1996
Huallaga	šaq	weber1996
Huallaga	nkiman	weber1996
Huallaga	šu 	weber1996
Huallaga	yki	weber1996
Huallaga	manki	weber1996
Huallaga	nki	weber1996
Huallaga	nqa	weber1996
Huallaga	n	weber1996
Huallaga	manči	weber1996
Huallaga	maːšun	weber1996
Huallaga	man	weber1996
Huallaga	šunki	weber1996
Huallaga	n	weber1996
Huallaga	pita	weber1996
Huallaga	ši	weber1996
Huallaga	ta	weber1996
Huallaga	pis,si	weber1996
Huallaga	q	weber1996
Huallaga	q	weber1996
Huallaga	paq	weber1996
Huallaga	paq,paː/pa	weber1996
Huallaga	taq,raq	weber1996
Huallaga	či	weber1996
Huallaga	mu	weber1996
Huallaga	mu	weber1996
Huallaga	niraq, naw	weber1996
Huallaga	kaːku	weber1996
Huallaga	čaku 	weber1996
Huallaga	man	weber1996
Huallaga	raː,rpa	weber1996
Huallaga	raq,ran	weber1996
Huallaga	man	weber1996
Huallaga	naː	weber1996
Huallaga	yku	weber1996
Huallaga	rqu	weber1996
Huallaga	rpu	weber1996
Huallaga	rku	weber1996
Huallaga	čay	weber1996
Huallaga	taqay	weber1996
Huallaga	čuraq	weber1996
Huallaga	ykaː	weber1996
Huallaga	kiki, ari	weber1996
Huallaga	ʎa	weber1996
Huallaga	či	weber1996
Huallaga	mi	weber1996
Huallaga	ši	weber1996
Huallaga	yku 	weber1996
Huallaga	yku 	weber1996
Huallaga	yʎa,ʎa	weber1996
Huallaga	pura	weber1996
Huallaga	ča	weber1996
Huallaga	ča	weber1996
Huallaga	či	weber1996
Huallaga	ša 	weber1996
Huallaga	ykačaː,kača/ča	weber1996
Huallaga	pa	weber1996
Huallaga	ykačaː, kačaː	weber1996
Huallaga	paq	weber1996
Huallaga	y	weber1996
Huallaga	ri	weber1996
Huallaga	yaː,paː/taː	weber1996
Huallaga	nintin,ntin	weber1996
Huallaga	y	weber1996
Huallaga	wan	weber1996
Huallaga	kaːku	weber1996
Huallaga	paku 	weber1996
Huallaga	yaq, kama	weber1996
Huallaga	čaw	weber1996
Huallaga	ku	weber1996
Huallaga	sapa	weber1996
Huallaga	ču	weber1996
Huallaga	pa	weber1996
Huallaga	ša 	weber1996
Huallaga	na 	weber1996
Huallaga	kaː, raː	weber1996
Huallaga	ra	weber1996
Huallaga	ša	weber1996
Huallaga	kuna	weber1996
Huallaga	yoq,niyoq	weber1996
Huallaga	ynaq	weber1996
Huallaga	ama	weber1996
Huallaga	kay	weber1996
Huallaga	rayku,raygu	weber1996
Huallaga	naku	weber1996
Huallaga	naq	weber1996
Huallaga	tuku	weber1996
Huallaga	r , špa, ʎpa	weber1996
Huallaga	pti, ša	weber1996
Huallaga	nnin,nin	weber1996
Huallaga	qa	weber1996
Huallaga	qa	weber1996
Huallaga	pu	weber1996
Huallaga	kaku 	weber1996
Huallaga	na	weber1996
Huallaga	paku 	weber1996
Huanca	ma	cerron1976
Huanca	nchik	cerron1976
Huanca	nchik	cerron1976
Huanca	chwan	cerron1976
Huanca	shun	cerron1976
Huanca	tantaː	cerron1976
Huanca	k	cerron1976
Huanca	shayki	cerron1976
Huanca	kaː	cerron1976
Huanca	shaq	cerron1976
Huanca	yki	cerron1976
Huanca	nki	cerron1976
Huanca	nqa	cerron1976
Huanca	n	cerron1976
Huanca	shunki	cerron1976
Huanca	n	cerron1976
Huanca	piqta	cerron1976
Huanca	yshi	cerron1976
Huanca	kta	cerron1976
Huanca	pis, si	cerron1976
Huanca	q	cerron1976
Huanca	sh	cerron1976
Huanca	paq	cerron1976
Huanca	chaa	cerron1976
Huanca	chi	cerron1976
Huanca	ma	cerron1976
Huanca	naw	cerron1976
Huanca	laq	cerron1976
Huanca	raa	cerron1976
Huanca	man	cerron1976
Huanca	naa	cerron1976
Huanca	cha	cerron1976
Huanca	yku	cerron1976
Huanca	qlu	cerron1976
Huanca	lpu	cerron1976
Huanca	lku	cerron1976
Huanca	ykaa	cerron1976
Huanca	aa	cerron1976
Huanca	ali	cerron1976
Huanca	llaa	cerron1976
Huanca	tra	cerron1976
Huanca	mi	cerron1976
Huanca	ari	cerron1976
Huanca	shi	cerron1976
Huanca	pula	cerron1976
Huanca	cha	cerron1976
Huanca	tan	cerron1976
Huanca	pa	cerron1976
Huanca	nya	cerron1976
Huanca	y	cerron1976
Huanca	li	cerron1976
Huanca	yaa	cerron1976
Huanca	ntin	cerron1976
Huanca	y	cerron1976
Huanca	chun	cerron1976
Huanca	wan	cerron1976
Huanca	tya	cerron1976
Huanca	taa	cerron1976
Huanca	paːkuː	cerron1976
Huanca	paku	cerron1976
Huanca	kama	cerron1976
Huanca	traw	cerron1976
Huanca	ku	cerron1976
Huanca	sapa, taa	cerron1976
Huanca	chu	cerron1976
Huanca	na	cerron1976
Huanca	lqa	cerron1976
Huanca	sha	cerron1976
Huanca	kuna	cerron1976
Huanca	yuq	cerron1976
Huanca	nnaq	cerron1976
Huanca	layku	cerron1976
Huanca	na	cerron1976
Huanca	traku	cerron1976
Huanca	ñaq	cerron1976
Huanca	lla	cerron1976
Huanca	taq	cerron1976
Huanca	tuku	cerron1976
Huanca	shti	cerron1976
Huanca	l	cerron1976
Huanca	pti	cerron1976
Huanca	kaska	cerron1976
Huanca	lan	cerron1976
Huanca	qa	cerron1976
Huanca	sya	cerron1976
Huanca	pu	cerron1976
Huanca	paa	cerron1976
Huanca	paaku, lkaa	cerron1976
Huanca	ña	cerron1976
Huangascar	ma	shimelman2017
Huangascar	yki	shimelman2017
Huangascar	nchik	shimelman2017
Huangascar	nchik	shimelman2017
Huangascar	chuwan	shimelman2017
Huangascar	shun	shimelman2017
Huangascar	tantaː	shimelman2017
Huangascar	shqayki	shimelman2017
Huangascar	kaː	shimelman2017
Huangascar	shaq	shimelman2017
Huangascar	waq	shimelman2017
Huangascar	shu	shimelman2017
Huangascar	yki	shimelman2017
Huangascar	wanki	shimelman2017
Huangascar	nki	shimelman2017
Huangascar	nqa	shimelman2017
Huangascar	n	shimelman2017
Huangascar	manchik	shimelman2017
Huangascar	man	shimelman2017
Huangascar	shunki	shimelman2017
Huangascar	n	shimelman2017
Huangascar	paq	shimelman2017
Huangascar	shi,si	shimelman2017
Huangascar	ta	shimelman2017
Huangascar	pis,s	shimelman2017
Huangascar	q	shimelman2017
Huangascar	paq	shimelman2017
Huangascar	chi	shimelman2017
Huangascar	puni	shimelman2017
Huangascar	mu	shimelman2017
Huangascar	hina	shimelman2017
Huangascar	man	shimelman2017
Huangascar	raq	shimelman2017
Huangascar	man	shimelman2017
Huangascar	naya	shimelman2017
Huangascar	raya	shimelman2017
Huangascar	cha	shimelman2017
Huangascar	ña	shimelman2017
Huangascar	chu	shimelman2017
Huangascar	chay	shimelman2017
Huangascar	wak	shimelman2017
Huangascar	chka	shimelman2017
Huangascar	ya	shimelman2017
Huangascar	ari	shimelman2017
Huangascar	ya	shimelman2017
Huangascar	tri,tr	shimelman2017
Huangascar	mi,m	shimelman2017
Huangascar	ik	shimelman2017
Huangascar	iki	shimelman2017
Huangascar	shi,sh	shimelman2017
Huangascar	yku,yka/ika/iku	shimelman2017
Huangascar	pura	shimelman2017
Huangascar	cha	shimelman2017
Huangascar	katra	shimelman2017
Huangascar	pa,pi	shimelman2017
Huangascar	y	shimelman2017
Huangascar	ri	shimelman2017
Huangascar	ya	shimelman2017
Huangascar	ntin	shimelman2017
Huangascar	y	shimelman2017
Huangascar	chun	shimelman2017
Huangascar	wan	shimelman2017
Huangascar	ya	shimelman2017
Huangascar	tamu	shimelman2017
Huangascar	paku,paːku	shimelman2017
Huangascar	kama	shimelman2017
Huangascar	pa,pi	shimelman2017
Huangascar	ku	shimelman2017
Huangascar	sapa	shimelman2017
Huangascar	puku	shimelman2017
Huangascar	chu	shimelman2017
Huangascar	na	shimelman2017
Huangascar	kuna	shimelman2017
Huangascar	masi	shimelman2017
Huangascar	ka	shimelman2017
Huangascar	rqa	shimelman2017
Huangascar	sha,sa	shimelman2017
Huangascar	sha,sa	shimelman2017
Huangascar	kuna	shimelman2017
Huangascar	yuq	shimelman2017
Huangascar	ama	shimelman2017
Huangascar	kay	shimelman2017
Huangascar	paq	shimelman2017
Huangascar	rayku	shimelman2017
Huangascar	naku,naka	shimelman2017
Huangascar	pa	shimelman2017
Huangascar	shqa	shimelman2017
Huangascar	lla	shimelman2017
Huangascar	taq	shimelman2017
Huangascar	tuku	shimelman2017
Huangascar	shtin	shimelman2017
Huangascar	shpa	shimelman2017
Huangascar	pti	shimelman2017
Huangascar	qa	shimelman2017
Huangascar	pu,pa	shimelman2017
Huangascar	ra	shimelman2017
Huangascar	ru,ra	shimelman2017
Huangascar	na	shimelman2017
HuarazHuailas	ma	parker1976
HuarazHuailas	yaa	parker1976
HuarazHuailas	ntsik, nintsik	parker1976
HuarazHuailas	ntsik	parker1976
HuarazHuailas	yaaman	parker1976
HuarazHuailas	shun	parker1976
HuarazHuailas	tantaː	parker1976
HuarazHuailas	q	parker1976
HuarazHuailas	shqayki	parker1976
HuarazHuailas	kaː	parker1976
HuarazHuailas	shaq	parker1976
HuarazHuailas	yaanki	parker1976
HuarazHuailas	maanki	parker1976
HuarazHuailas	nki	parker1976
HuarazHuailas	yaan	parker1976
HuarazHuailas	nqa	parker1976
HuarazHuailas	n	parker1976
HuarazHuailas	maantsik	parker1976
HuarazHuailas	maan	parker1976
HuarazHuailas	shunki	parker1976
HuarazHuailas	n	parker1976
HuarazHuailas	mampa	parker1976
HuarazHuailas	peq, pita	parker1976
HuarazHuailas	ta	parker1976
HuarazHuailas	q	parker1976
HuarazHuailas	paq,shi	parker1976
HuarazHuailas	chaku	parker1976
HuarazHuailas	mu	parker1976
HuarazHuailas	naw	parker1976
HuarazHuailas	man	parker1976
HuarazHuailas	raa	parker1976
HuarazHuailas	man	parker1976
HuarazHuailas	na	parker1976
HuarazHuailas	naa	parker1976
HuarazHuailas	ykU	parker1976
HuarazHuailas	rpu	parker1976
HuarazHuailas	rku	parker1976
HuarazHuailas	ykaa	parker1976
HuarazHuailas	rI	parker1976
HuarazHuailas	t	parker1976
HuarazHuailas	tsaa	parker1976
HuarazHuailas	yan	parker1976
HuarazHuailas	pa	parker1976
HuarazHuailas	ykachaa	parker1976
HuarazHuailas	yaa	parker1976
HuarazHuailas	ntin, nintin	parker1976
HuarazHuailas	y	parker1976
HuarazHuailas	wan	parker1976
HuarazHuailas	rpaarI	parker1976
HuarazHuailas	taa	parker1976
HuarazHuailas	chaw	parker1976
HuarazHuailas	ku	parker1976
HuarazHuailas	sapa	parker1976
HuarazHuailas	nqa	parker1976
HuarazHuailas	na	parker1976
HuarazHuailas	kaa	parker1976
HuarazHuailas	rqa	parker1976
HuarazHuailas	rqu	parker1976
HuarazHuailas	sh, shqa	parker1976
HuarazHuailas	shqa	parker1976
HuarazHuailas	kuna	parker1976
HuarazHuailas	yoq	parker1976
HuarazHuailas	nnaq	parker1976
HuarazHuailas	raykur, tsi	parker1976
HuarazHuailas	skI	parker1976
HuarazHuailas	lla	parker1976
HuarazHuailas	r	parker1976
HuarazHuailas	pti	parker1976
HuarazHuailas	pu	parker1976
HuarazHuailas	y	parker1976
Inga	yqui	tandioy1978
Inga	nchi	tandioy1978
Inga	sunchi	tandioy1978
Inga	yquichita	tandioy1978
Inga	scaqui	tandioy1978
Inga	ka-ni	tandioy1978
Inga	sa	tandioy1978
Inga	ncanguichi	tandioy1978
Inga	ngui	tandioy1978
Inga	ncangui	tandioy1978
Inga	ncuna	tandioy1978
Inga	ngacuna	tandioy1978
Inga	nga	tandioy1978
Inga	n	tandioy1978
Inga	manda	tandioy1978
Inga	ta	tandioy1978
Inga	pas	tandioy1978
Inga	g	tandioy1978
Inga	pua	tandioy1978
Inga	ta	tandioy1978
Inga	mu	tandioy1978
Inga	ntra	tandioy1978
Inga	raya	tandioy1978
Inga	c, ca	tandioy1978
Inga	ma, pagma	tandioy1978
Inga	naya	tandioy1978
Inga	ag, ash, ans	tandioy1978
Inga	tum	tandioy1978
Inga	cu, nacu	tandioy1978
Inga	llata, tata	tandioy1978
Inga	char	tandioy1978
Inga	mi	tandioy1978
Inga	si	tandioy1978
Inga	ma	tandioy1978
Inga	pa	tandioy1978
Inga	y, ychi	tandioy1978
Inga	sunchu, nacusunchi	tandioy1978
Inga	ri	tandioy1978
Inga	ya	tandioy1978
Inga	y	tandioy1978
Inga	chu	tandioy1978
Inga	hua	tandioy1978
Inga	cama, pagcama	tandioy1978
Inga	pi, pagpi	tandioy1978
Inga	chu	tandioy1978
Inga	nga	tandioy1978
Inga	rqa	tandioy1978
Inga	sca	tandioy1978
Inga	sca	tandioy1978
Inga	cuna	tandioy1978
Inga	jim, ajim	tandioy1978
Inga	yug	tandioy1978
Inga	ngapa	tandioy1978
Inga	ngapa	tandioy1978
Inga	chi	tandioy1978
Inga	ndi	tandioy1978
Inga	lla	tandioy1978
Inga	gta	tandioy1978
Inga	spa	tandioy1978
Inga	hora	tandioy1978
Inga	gpi	tandioy1978
Inga	nig	tandioy1978
Inga	pu	tandioy1978
Inga	hua	tandioy1978
Laraos	wa	taylor1990
Laraos	yki	taylor1990
Laraos	nchik	taylor1990
Laraos	nchik	taylor1990
Laraos	sun	taylor1990
Laraos	tanta-y	taylor1990
Laraos	sqayki	taylor1990
Laraos	ka-ni	taylor1990
Laraos	saq	taylor1990
Laraos	yki	taylor1990
Laraos	nki	taylor1990
Laraos	n 	taylor1990
Laraos	wanchik	taylor1990
Laraos	sunki	taylor1990
Laraos	n 	taylor1990
Laraos	manta	taylor1990
Laraos	ta 	taylor1990
Laraos	pis	taylor1990
Laraos	q	taylor1990
Laraos	paq	taylor1990
Laraos	chi 	taylor1990
Laraos	raq	taylor1990
Laraos	man	taylor1990
Laraos	na	taylor1990
Laraos	ña	taylor1990
Laraos	chka	taylor1990
Laraos	ari	taylor1990
Laraos	ri	taylor1990
Laraos	ĉi 	taylor1990
Laraos	mi 	taylor1990
Laraos	si 	taylor1990
Laraos	yku	taylor1990
Laraos	pi 	taylor1990
Laraos	y 	taylor1990
Laraos	sun	taylor1990
Laraos	ntin	taylor1990
Laraos	y 	taylor1990
Laraos	chun	taylor1990
Laraos	wan	taylor1990
Laraos	kama	taylor1990
Laraos	ĉaw	taylor1990
Laraos	chu	taylor1990
Laraos	na 	taylor1990
Laraos	rqu	taylor1990
Laraos	kuna	taylor1990
Laraos	nnaq	taylor1990
Laraos	rayku	taylor1990
Laraos	taq	taylor1990
Laraos	stin	taylor1990
Laraos	r 	taylor1990
Laraos	pti	taylor1990
Laraos	qa	taylor1990
Laraos	ra 	taylor1990
Lincha-Tana	wa	shimelman2017
Lincha-Tana	yki	shimelman2017
Lincha-Tana	nchik	shimelman2017
Lincha-Tana	nchik	shimelman2017
Lincha-Tana	chuwan	shimelman2017
Lincha-Tana	shun	shimelman2017
Lincha-Tana	tanta-y	shimelman2017
Lincha-Tana	shqayki	shimelman2017
Lincha-Tana	ka-ni	shimelman2017
Lincha-Tana	shaq	shimelman2017
Lincha-Tana	waq	shimelman2017
Lincha-Tana	shu	shimelman2017
Lincha-Tana	yki	shimelman2017
Lincha-Tana	wanki	shimelman2017
Lincha-Tana	nki	shimelman2017
Lincha-Tana	nqa	shimelman2017
Lincha-Tana	n	shimelman2017
Lincha-Tana	wanchik	shimelman2017
Lincha-Tana	wan	shimelman2017
Lincha-Tana	shunki	shimelman2017
Lincha-Tana	n	shimelman2017
Lincha-Tana	paq	shimelman2017
Lincha-Tana	shi,si	shimelman2017
Lincha-Tana	ta	shimelman2017
Lincha-Tana	pis,s	shimelman2017
Lincha-Tana	q	shimelman2017
Lincha-Tana	paq	shimelman2017
Lincha-Tana	chi	shimelman2017
Lincha-Tana	puni	shimelman2017
Lincha-Tana	mu	shimelman2017
Lincha-Tana	hina	shimelman2017
Lincha-Tana	man	shimelman2017
Lincha-Tana	raq	shimelman2017
Lincha-Tana	man	shimelman2017
Lincha-Tana	naya	shimelman2017
Lincha-Tana	raya	shimelman2017
Lincha-Tana	cha	shimelman2017
Lincha-Tana	ña	shimelman2017
Lincha-Tana	chu	shimelman2017
Lincha-Tana	chay	shimelman2017
Lincha-Tana	wak	shimelman2017
Lincha-Tana	chka	shimelman2017
Lincha-Tana	ya	shimelman2017
Lincha-Tana	ari	shimelman2017
Lincha-Tana	ya	shimelman2017
Lincha-Tana	tri,tr	shimelman2017
Lincha-Tana	mi,m	shimelman2017
Lincha-Tana	ik	shimelman2017
Lincha-Tana	iki	shimelman2017
Lincha-Tana	shi,sh	shimelman2017
Lincha-Tana	yku,yka/ika/iku	shimelman2017
Lincha-Tana	pura	shimelman2017
Lincha-Tana	cha	shimelman2017
Lincha-Tana	katra	shimelman2017
Lincha-Tana	pa,pi	shimelman2017
Lincha-Tana	y	shimelman2017
Lincha-Tana	ri	shimelman2017
Lincha-Tana	ya	shimelman2017
Lincha-Tana	ntin	shimelman2017
Lincha-Tana	y	shimelman2017
Lincha-Tana	chun	shimelman2017
Lincha-Tana	wan	shimelman2017
Lincha-Tana	ya	shimelman2017
Lincha-Tana	tamu	shimelman2017
Lincha-Tana	paku,paːku	shimelman2017
Lincha-Tana	kama	shimelman2017
Lincha-Tana	pa,pi	shimelman2017
Lincha-Tana	ku	shimelman2017
Lincha-Tana	sapa	shimelman2017
Lincha-Tana	puku	shimelman2017
Lincha-Tana	chu	shimelman2017
Lincha-Tana	na	shimelman2017
Lincha-Tana	kuna	shimelman2017
Lincha-Tana	masi	shimelman2017
Lincha-Tana	ka	shimelman2017
Lincha-Tana	rqa	shimelman2017
Lincha-Tana	sha,sa	shimelman2017
Lincha-Tana	sha,sa	shimelman2017
Lincha-Tana	kuna	shimelman2017
Lincha-Tana	yuq	shimelman2017
Lincha-Tana	ama	shimelman2017
Lincha-Tana	kay	shimelman2017
Lincha-Tana	paq	shimelman2017
Lincha-Tana	rayku	shimelman2017
Lincha-Tana	naku,naka	shimelman2017
Lincha-Tana	pa	shimelman2017
Lincha-Tana	shqa	shimelman2017
Lincha-Tana	lla	shimelman2017
Lincha-Tana	taq	shimelman2017
Lincha-Tana	tuku	shimelman2017
Lincha-Tana	shtin	shimelman2017
Lincha-Tana	shpa	shimelman2017
Lincha-Tana	pti	shimelman2017
Lincha-Tana	qa	shimelman2017
Lincha-Tana	pu,pa	shimelman2017
Lincha-Tana	ra	shimelman2017
Lincha-Tana	ru,ra	shimelman2017
Lincha-Tana	na	shimelman2017
Pacaraos	maa	adelaar1987
Pacaraos	muy	adelaar1987
Pacaraos	nsi	adelaar1987
Pacaraos	swan	adelaar1987
Pacaraos	shun	adelaar1987
Pacaraos	tanta-y	adelaar1987
Pacaraos	shqayki	adelaar1987
Pacaraos	ka-ni	adelaar1987
Pacaraos	shaq	adelaar1987
Pacaraos	mu	adelaar1987
Pacaraos	yki,	adelaar1987
Pacaraos	maayki	adelaar1987
Pacaraos	yki	adelaar1987
Pacaraos	nqa	adelaar1987
Pacaraos	n	adelaar1987
Pacaraos	maansi	adelaar1987
Pacaraos	maan	adelaar1987
Pacaraos	shun	adelaar1987
Pacaraos	n	adelaar1987
Pacaraos	piq, piqta	adelaar1987
Pacaraos	kta	adelaar1987
Pacaraos	q	adelaar1987
Pacaraos	q, shqa	adelaar1987
Pacaraos	chaq, traq	adelaar1987
Pacaraos	paq	adelaar1987
Pacaraos	si	adelaar1987
Pacaraos	mu	adelaar1987
Pacaraos	naw	adelaar1987
Pacaraos	piq, piqta	adelaar1987
Pacaraos	man	adelaar1987
Pacaraos	raa	adelaar1987
Pacaraos	man	adelaar1987
Pacaraos	naa	adelaar1987
Pacaraos	yku	adelaar1987
Pacaraos	rqu	adelaar1987
Pacaraos	rpu	adelaar1987
Pacaraos	rku	adelaar1987
Pacaraos	ykaa	adelaar1987
Pacaraos	saa	adelaar1987
Pacaraos	qa	adelaar1987
Pacaraos	y	adelaar1987
Pacaraos	shun	adelaar1987
Pacaraos	ri	adelaar1987
Pacaraos	ri	adelaar1987
Pacaraos	yaa	adelaar1987
Pacaraos	nti	adelaar1987
Pacaraos	sun	adelaar1987
Pacaraos	wan	adelaar1987
Pacaraos	wan	adelaar1987
Pacaraos	lyaa	adelaar1987
Pacaraos	tyaa	adelaar1987
Pacaraos	kama	adelaar1987
Pacaraos	kama	adelaar1987
Pacaraos	traw	adelaar1987
Pacaraos	ku	adelaar1987
Pacaraos	traari	adelaar1987
Pacaraos	nqa	adelaar1987
Pacaraos	na	adelaar1987
Pacaraos	mayi	adelaar1987
Pacaraos	kaa	adelaar1987
Pacaraos	rqa	adelaar1987
Pacaraos	rqu	adelaar1987
Pacaraos	shqa, sh 	adelaar1987
Pacaraos	kuna	adelaar1987
Pacaraos	yuq, naq	adelaar1987
Pacaraos	rayku	adelaar1987
Pacaraos	traa	adelaar1987
Pacaraos	ñaq	adelaar1987
Pacaraos	la	adelaar1987
Pacaraos	sikan	adelaar1987
Pacaraos	shpa	adelaar1987
Pacaraos	pti	adelaar1987
Pacaraos	pa 	adelaar1987
Pacaraos	pu	adelaar1987
Pacaraos	paa	adelaar1987
Pastaza	wa	landerman1973
Pastaza	yki	landerman1973
Pastaza	ykichi	landerman1973
Pastaza	skaykichi	landerman1973
Pastaza	nchi	landerman1973
Pastaza	ykichi	landerman1973
Pastaza	nchi	landerman1973
Pastaza	shun	landerman1973
Pastaza	tanta-y	landerman1973
Pastaza	shkayki	landerman1973
Pastaza	ka-ni	landerman1973
Pastaza	sha	landerman1973
Pastaza	ngichi	landerman1973
Pastaza	yki	landerman1973
Pastaza	ngi	landerman1973
Pastaza	ngakuna	landerman1973
Pastaza	nguna	landerman1973
Pastaza	najun	landerman1973
Pastaza	nga	landerman1973
Pastaza	n	landerman1973
Pastaza	n	landerman1973
Pastaza	manda	landerman1973
Pastaza	ta 	landerman1973
Pastaza	pas 	landerman1973
Pastaza	pa 	landerman1973
Pastaza	chi 	landerman1973
Pastaza	ma	landerman1973
Pastaza	ma 	landerman1973
Pastaza	raya 	landerman1973
Pastaza	naya 	landerman1973
Pastaza	stu	landerman1973
Pastaza	xu	landerman1973
Pastaza	mi 	landerman1973
Pastaza	shi 	landerman1973
Pastaza	paya 	landerman1973
Pastaza	pa 	landerman1973
Pastaza	y 	landerman1973
Pastaza	ychi	landerman1973
Pastaza	ri 	landerman1973
Pastaza	ya 	landerman1973
Pastaza	na	landerman1973
Pastaza	chun 	landerman1973
Pastaza	wa	landerman1973
Pastaza	kama	landerman1973
Pastaza	pi 	landerman1973
Pastaza	sapa	landerman1973
Pastaza	chu 	landerman1973
Pastaza	na 	landerman1973
Pastaza	rka	landerman1973
Pastaza	shka	landerman1973
Pastaza	shka	landerman1973
Pastaza	shka 	landerman1973
Pastaza	kuna,guna	landerman1973
Pastaza	rayku	landerman1973
Pastaza	rayku 	landerman1973
Pastaza	naku	landerman1973
Pastaza	shpa 	landerman1973
Pastaza	shpayki	landerman1973
Pastaza	ka 	landerman1973
Pastaza	ra 	landerman1973
Pastaza	pu, pa	
Pastaza	ña 	landerman1973
Pastaza	nda	landerman1973
SanMartin	wa	coombs1976
SanMartin	yki	coombs1976
SanMartin	nchi	coombs1976
SanMartin	shunchi, shun, shunsapa	coombs1976
SanMartin	tanta-y	coombs1976
SanMartin	ka-ni	coombs1976
SanMartin	sha	coombs1976
SanMartin	yki	coombs1976
SanMartin	wanki	coombs1976
SanMartin	nki	coombs1976
SanMartin	n	coombs1976
SanMartin	shunki	coombs1976
SanMartin	manta	coombs1976
SanMartin	ta	coombs1976
SanMartin	pish	coombs1976
SanMartin	k	coombs1976
SanMartin	pa	coombs1976
SanMartin	tá, rá	coombs1976
SanMartin	chi	coombs1976
SanMartin	mu	coombs1976
SanMartin	shina	coombs1976
SanMartin	man	coombs1976
SanMartin	raya	coombs1976
SanMartin	man	coombs1976
SanMartin	naya	coombs1976
SanMartin	na	coombs1976
SanMartin	yka	coombs1976
SanMartin	ya	coombs1976
SanMartin	cha	coombs1976
SanMartin	mi	coombs1976
SanMartin	shi	coombs1976
SanMartin	pura	coombs1976
SanMartin	cha	coombs1976
SanMartin	paya	coombs1976
SanMartin	pa	coombs1976
SanMartin	y	coombs1976
SanMartin	shun	coombs1976
SanMartin	ri	coombs1976
SanMartin	ya	coombs1976
SanMartin	ntin	coombs1976
SanMartin	y	coombs1976
SanMartin	chun	coombs1976
SanMartin	wan	coombs1976
SanMartin	kaman	coombs1976
SanMartin	pi	coombs1976
SanMartin	ku	coombs1976
SanMartin	sapa	coombs1976
SanMartin	chu	coombs1976
SanMartin	na	coombs1976
SanMartin	rka	coombs1976
SanMartin	shka	coombs1976
SanMartin	shka	coombs1976
SanMartin	kuna	coombs1976
SanMartin	yuk	coombs1976
SanMartin	rayku	coombs1976
SanMartin	naku	coombs1976
SanMartin	lla	coombs1976
SanMartin	shpa	coombs1976
SanMartin	pti, kti	coombs1976
SanMartin	qa	coombs1976
SanMartin	ra	coombs1976
SanMartin	sapa	coombs1976
SanPedro	ma	shimelman2017
SanPedro	yki	shimelman2017
SanPedro	nchik	shimelman2017
SanPedro	nchik	shimelman2017
SanPedro	chuwan	shimelman2017
SanPedro	shun	shimelman2017
SanPedro	tantaː	shimelman2017
SanPedro	shqayki	shimelman2017
SanPedro	kaː	shimelman2017
SanPedro	shaq	shimelman2017
SanPedro	waq	shimelman2017
SanPedro	shu	shimelman2017
SanPedro	yki	shimelman2017
SanPedro	wanki	shimelman2017
SanPedro	nki	shimelman2017
SanPedro	nqa	shimelman2017
SanPedro	n	shimelman2017
SanPedro	manchik	shimelman2017
SanPedro	man	shimelman2017
SanPedro	shunki	shimelman2017
SanPedro	n	shimelman2017
SanPedro	paq	shimelman2017
SanPedro	shi,si	shimelman2017
SanPedro	ta	shimelman2017
SanPedro	pis,s	shimelman2017
SanPedro	q	shimelman2017
SanPedro	paq	shimelman2017
SanPedro	chi	shimelman2017
SanPedro	puni	shimelman2017
SanPedro	mu	shimelman2017
SanPedro	hina	shimelman2017
SanPedro	man	shimelman2017
SanPedro	raq	shimelman2017
SanPedro	man	shimelman2017
SanPedro	naya	shimelman2017
SanPedro	raya	shimelman2017
SanPedro	cha	shimelman2017
SanPedro	ña	shimelman2017
SanPedro	chu	shimelman2017
SanPedro	chay	shimelman2017
SanPedro	wak	shimelman2017
SanPedro	chka	shimelman2017
SanPedro	ya	shimelman2017
SanPedro	ari	shimelman2017
SanPedro	ya	shimelman2017
SanPedro	tri,tr	shimelman2017
SanPedro	mi,m	shimelman2017
SanPedro	ik	shimelman2017
SanPedro	iki	shimelman2017
SanPedro	shi,sh	shimelman2017
SanPedro	yku,yka/ika/iku	shimelman2017
SanPedro	pura	shimelman2017
SanPedro	cha	shimelman2017
SanPedro	katra	shimelman2017
SanPedro	pa,pi	shimelman2017
SanPedro	y	shimelman2017
SanPedro	ri	shimelman2017
SanPedro	ya	shimelman2017
SanPedro	ntin	shimelman2017
SanPedro	y	shimelman2017
SanPedro	chun	shimelman2017
SanPedro	wan	shimelman2017
SanPedro	ya	shimelman2017
SanPedro	tamu	shimelman2017
SanPedro	paku,paːku	shimelman2017
SanPedro	kama	shimelman2017
SanPedro	pa,pi	shimelman2017
SanPedro	ku	shimelman2017
SanPedro	sapa	shimelman2017
SanPedro	puku	shimelman2017
SanPedro	chu	shimelman2017
SanPedro	na	shimelman2017
SanPedro	kuna	shimelman2017
SanPedro	masi	shimelman2017
SanPedro	ka	shimelman2017
SanPedro	rqa	shimelman2017
SanPedro	sha,sa	shimelman2017
SanPedro	sha,sa	shimelman2017
SanPedro	kuna	shimelman2017
SanPedro	yuq	shimelman2017
SanPedro	ama	shimelman2017
SanPedro	kay	shimelman2017
SanPedro	paq	shimelman2017
SanPedro	rayku	shimelman2017
SanPedro	naku,naka	shimelman2017
SanPedro	pa	shimelman2017
SanPedro	shqa	shimelman2017
SanPedro	lla	shimelman2017
SanPedro	taq	shimelman2017
SanPedro	tuku	shimelman2017
SanPedro	shtin	shimelman2017
SanPedro	shpa	shimelman2017
SanPedro	pti	shimelman2017
SanPedro	qa	shimelman2017
SanPedro	pu,pa	shimelman2017
SanPedro	ra	shimelman2017
SanPedro	ru,ra	shimelman2017
SanPedro	na	shimelman2017
Santiagueno	wa	juanatey2020
Santiagueno	ysh,ychis	juanatey2020
Santiagueno	ysh,nchis	juanatey2020
Santiagueno	yshman,nchisman	juanatey2020
Santiagueno	suysh,sunchis	juanatey2020
Santiagueno	tanta-y	juanatey2020
Santiagueno	suyki,yki/su	juanatey2020
Santiagueno	sqayki,susqayki/susaq	juanatey2020
Santiagueno	ka-ni	juanatey2020
Santiagueno	saq	juanatey2020
Santiagueno	nkiman	juanatey2020
Santiagueno	su	juanatey2020
Santiagueno	yki	juanatey2020
Santiagueno	wanki	juanatey2020
Santiagueno	nki	juanatey2020
Santiagueno	nqa	juanatey2020
Santiagueno	n	juanatey2020
Santiagueno	ayku	juanatey2020
Santiagueno	wan	juanatey2020
Santiagueno	sun	juanatey2020
Santiagueno	n	juanatey2020
Santiagueno	manta,mant	juanatey2020
Santiagueno	t,ta	juanatey2020
Santiagueno	pas	juanatey2020
Santiagueno	q	juanatey2020
Santiagueno	paq	juanatey2020
Santiagueno	taq	juanatey2020
Santiagueno	chi	juanatey2020
Santiagueno	puni	alderetes2001
Santiagueno	ina	juanatey2020
Santiagueno	man	juanatey2020
Santiagueno	t,ta	juanatey2020
Santiagueno	naa	juanatey2020
Santiagueno	cha, illu, illa	juanatey2020
Santiagueno	na	juanatey2020
Santiagueno	chu	juanatey2020
Santiagueno	chaqay	juanatey2020
Santiagueno	chka	juanatey2020
Santiagueno	chka	juanatey2020
Santiagueno	á	juanatey2020
Santiagueno	cha	juanatey2020
Santiagueno	mi	juanatey2020
Santiagueno	si	juanatey2020
Santiagueno	yku	juanatey2020
Santiagueno	pura	juanatey2020
Santiagueno	cha	alderetes2001
Santiagueno	ya	alderetes2001
Santiagueno	p,pa	juanatey2020
Santiagueno	y	juanatey2020
Santiagueno	ri	juanatey2020
Santiagueno	ya	juanatey2020
Santiagueno	y	juanatey2020
Santiagueno	chun	juanatey2020
Santiagueno	an	juanatey2020
Santiagueno	rqya	juanatey2020
Santiagueno	kama	juanatey2020
Santiagueno	pi,p	juanatey2020
Santiagueno	ku	juanatey2020
Santiagueno	sapa	juanatey2020
Santiagueno	chu	juanatey2020
Santiagueno	na	juanatey2020
Santiagueno	ima	juanatey2020
Santiagueno	masi	juanatey2020
Santiagueno	ra	juanatey2020
Santiagueno	sqa	juanatey2020
Santiagueno	s,kuna	juanatey2020
Santiagueno	yoq	juanatey2020
Santiagueno	ama	juanatey2020
Santiagueno	ka,kay	juanatey2020
Santiagueno	paq	juanatey2020
Santiagueno	rayku	juanatey2020
Santiagueno	naku	juanatey2020
Santiagueno	naku	juanatey2020
Santiagueno	sa,sqa	juanatey2020
Santiagueno	lla	juanatey2020
Santiagueno	s	juanatey2020
Santiagueno	spa	juanatey2020
Santiagueno	pti	juanatey2020
Santiagueno	qa	juanatey2020
Santiagueno	pu	juanatey2020
Tarma	ma	adelaar1977
Tarma	nchi, nchik	adelaar1977
Tarma	nchik	adelaar1977
Tarma	chwan	adelaar1977
Tarma	shun	adelaar1977
Tarma	tantaː	adelaar1977
Tarma	q	adelaar1977
Tarma	shayki	adelaar1977
Tarma	kaː	adelaar1977
Tarma	shaq	adelaar1977
Tarma	shu	adelaar1977
Tarma	yki	adelaar1977
Tarma	mayki	adelaar1977
Tarma	nki	adelaar1977
Tarma	nqa	adelaar1977
Tarma	n	adelaar1977
Tarma	n	adelaar1977
Tarma	pita	adelaar1977
Tarma	ta	adelaar1977
Tarma	pis	adelaar1977
Tarma	basla	adelaar1977
Tarma	q	adelaar1977
Tarma	yupay	adelaar1977
Tarma	paq	adelaar1977
Tarma	nuy	adelaar1977
Tarma	taq	adelaar1977
Tarma	chi	adelaar1977
Tarma	mu	adelaar1977
Tarma	ku	adelaar1977
Tarma	man	adelaar1977
Tarma	raq	adelaar1977
Tarma	man	adelaar1977
Tarma	na	adelaar1977
Tarma	yu	adelaar1977
Tarma	rpu	adelaar1977
Tarma	rku	adelaar1977
Tarma	cha	adelaar1977
Tarma	ya	adelaar1977
Tarma	ri	adelaar1977
Tarma	chikan	adelaar1977
Tarma	chi	adelaar1977
Tarma	mi	adelaar1977
Tarma	si	adelaar1977
Tarma	chaːri	adelaar1977
Tarma	cha	adelaar1977
Tarma	pa	adelaar1977
Tarma	ykacha	adelaar1977
Tarma	y	adelaar1977
Tarma	ri	adelaar1977
Tarma	ya	adelaar1977
Tarma	bura	adelaar1977
Tarma	y	adelaar1977
Tarma	chun	adelaar1977
Tarma	wan	adelaar1977
Tarma	tya	adelaar1977
Tarma	paku	adelaar1977
Tarma	paku,paːku	adelaar1977
Tarma	kama	adelaar1977
Tarma	chu	adelaar1977
Tarma	nya	adelaar1977
Tarma	ku	adelaar1977
Tarma	sapa	adelaar1977
Tarma	chu	adelaar1977
Tarma	nqa	adelaar1977
Tarma	na	adelaar1977
Tarma	mayi	adelaar1977
Tarma	ka	adelaar1977
Tarma	ra	adelaar1977
Tarma	ral	adelaar1977
Tarma	ru	adelaar1977
Tarma	sha	adelaar1977
Tarma	kuna	adelaar1977
Tarma	yuq	adelaar1977
Tarma	naku	adelaar1977
Tarma	la	adelaar1977
Tarma	taq	adelaar1977
Tarma	rku	adelaar1977
Tarma	gasha, chikaq	adelaar1977
Tarma	tuku	adelaar1977
Tarma	shtin	adelaar1977
Tarma	r	adelaar1977
Tarma	pti	adelaar1977
Tarma	qa	adelaar1977
Tarma	pay	adelaar1977
Tarma	pa, pu	adelaar1977
Tarma	ra	adelaar1977
Tarma	rka	adelaar1977
Tarma	na	adelaar1977
Tarma	na	adelaar1977
